UR,SR,Obs,H,p,C1,C2,C3
,,,,,3.21,0.0,2.67
xx,xx2,1.0,0.0,0.96,0.0,-1.0,0.0
xx,xx1,0.0,-3.21,0.04,-1.0,0.0,0.0
yy,yy2,1.0,0.0,0.9,0.0,-1.0,0.0
yy,yy3,0.0,-2.67,0.06,0.0,0.0,-1.0
yy,yy1,0.0,-3.21,0.04,-1.0,0.0,0.0
zz,zz2,1.0,0.0,0.9,0.0,-1.0,0.0
zz,zz3,0.0,-2.67,0.06,0.0,0.0,-1.0
zz,zz1,0.0,-3.21,0.04,-1.0,0.0,0.0
